Input,Label
"ANE THOTAWATTA, BOGE WESA AMMATA HUKAPAN, KARI PONNAYO!",yes
Mekata pissu,yes
sarath weearsekara hamudapathi una kiyamu. yako pottayekgen upades ganna ekek etakota hamudapathi.,yes
"Mekata pollakin oluwata gahanna please,,",no
Thota kiyak hamba unada mehema kiyanna kiyala.thoth desadrohiyek.,yes
thota panunane 21 bomba thogan anawaki ahana apith modayo yako,yes
Mu gena channel report karamu,no
Oyalata me rata tambi bomba gahuwe keyala kiyanda puluwanda  bomba gahapu un ko keyala tawa kohe kohe hangela innawada keyala alla ganda,no
Meka ane manda yako aiyoooo Pau api meva balanna una ne,no
Pissek me miniha .. 21. Wenida apita ape jiwitha kiyak ahimi unada  eda meka kohe hitiyada kalin danum denna bari unada  gon buruwa...,no
Anee pakoo thawath paw karagena thawa athma 100ta wath me loke balanna nathi karanogena hitapan gota enawa aniwa,yes
pissek bn mu,yes
Ane pottayo ube danne boru kiyann ne aththa kiyane ayate api salekenawa ,yes
Giya aathme karapu paapeta me aathme pottayek ipadhichcha moda moosalaya tho labana aathme ipadenne thoge goo katath nethuwa....,yes
Ane ban me pottaya ranilge thawath eka ponnayek vitharai muta puluwanda anawaki kiyanna mu thama me loke sududa kaluda kiyalawath hariyata danne nathiwa kari pottaya,yes
MUTA MONGAL .,yes
Mun kiyana ewa ahl wada karankota tama waradinne. Athma wishwasaya tiyenawanam one deyk sartaka wenwa ,yes
Muth bannata thxs kiyai lagadima,yes
Muge kata kanna oni,yes
Mewage pakayala hinda thami rata winsa wenne mundennata guu puchchala kawanna one,yes
Ane hukanno ubata puluwanda pakayo anaweki kiyanna pakayao,yes
beri welawath rajapakshek awoth mama enawa umbawa hamba wenna.,yes
"aduma gane molewath thibbnam samawa denna thibba moota,",yes
moota karume thamai padisan deela thiyenne.,yes
Panditha molayak thiyenne  munta Gal badala muhudu pathula bassanna on e kiyana boru walata.,yes
Kawuda ban mu  pissu porawal tikak ne,yes
ammata hukapan kariya,yes
ane buruwo tho okkoma dannawanam Maithree kohatada Karakawanne Kiyala danne ne.....,yes
Ane ponna potta pako..pasku irida gahanawa thota penune nadda pottayo..mama gotata kade yana akek nowe.minissu rawattana pottaya,yes
me mona hukannekda.ban.thamat mewa pliganna thawa modayo lankawe innwada,yes
Meya kiyanne boru.,yes
mun dennama pisso.mewa ahana api eaita wada pisso,yes
Ratama anekuta kan denne ay. Meka mee looke as deken dakala rasawidennawath pina na. Api mee wage andayanata wada buddhimath wemu,no
Muuta pissu,yes
Sindu nam kumari akka.....jethishya nam thota ayya,no
Mun dennage ata deka thiyenawada danne naha ellanna,yes
ponna huththek,yes
Ane palayan ban ynna kade ynwa,no
Me prasna ahana eka gon nambek kiyala therune katada?,yes
me wage gonnungenda rata palanaya karana modayo visadum hoyanne.. thota bombe gahana 1k peune nada,yes
Pissu modyek meka agapura mole muge,yes
Muge amma innawada,yes
Muta pissu,yes
pakayo tho ton pachayek kiyala ratama dannawa..... anagathaya dakina thota labana athmeth pottayek wela inna wennea me boru kiyanawata,yes
Yakadoooo...mu grahayonta wada dannawane...me okkoma hrahayongenda kiyanne....me kariyage muna penakotath mala paninawa,yes
Hane kano tho keyana pattta boru walst ape rawtna kale ewari. Kano toge hadahana balagani,yes
mu hadanne gota dinuwata passe uta credit eka daganna.. mokada gota dinanawa kiyala mu dannawa..,yes
harakek muu,yes
"UMBALAGE ANAWEKI SIYALLA BORUVAK KARAMIN NAGANANDA MAHATHA JAYA GANNAWA,HIRU MEN DASATHA ALIYA KARAWE,PATHTHAKATA WELA HITU,",no
Mu danna paka,yes
Mada pollaa huka potta pakaya,yes
Muge ammata hukana kivillakne kiyawanne.,yes
Potta huttige putha,yes
Thota April 21 bomba gahana yana eka thoge potta asdekata penune nadda,yes
Kauda janadipathi wenne kiyapan potta wathta,yes
Gota ai paka,yes
Me ponnayage boru mu wage pottaintama thamai hoda.,yes
POTTA THOTAWATTE WESI..... MAMA DAKKOTH THOWA KOHEDIHARI...... WATHURA BALADIYAKATA GUUUU  DIYAKARALA THOWA NAWANAWA..... BORUNOKIYA PALA POTTA HUTTA,yes
Yakooo mahindage kalae sudu wan hari kalu wan hari pennala rata goda gattha mun loke nathi kala aye colombo enna bea pathale avilla,no
Mun me hoda jarawak kala gotabeta mada ganne munta pissu bombe gana kiuwe na eka pakayek,yes
Thotawaththa Ane bn .....mkda enne...,no
Thotawaththa okkoma dannawa paasku praharaya danne naaa.. wikalpa balawege gana danne naaa... nikan kade yanawa..paw,yes
Gotabaya Rajapaksha Mahathata athi vishista rajayogayak thienawa.2020 nomination dunnoth athi vishista jayak gannawa.,no
manussayekuta baninna api kotaram boru kiyanawada,no
Aiyo paw Salli. Arinna apa malli.,no
Chapa koo endaaa... Meka thwma mattuwela nÈ...,no
Pissu huthtak,yes
kari pottaya uba arapan snika pu....ke..,yes
meya kola3 suduwa me karagena yanne,no
Who is the lousy joker seated next to you  Indika?,no
To ballek unata madamulane ballo nati bawa danaganin potta rattaran horo,yes
"CHAPA BANDARA, YOU ARE MY HERO.",no
Mekage  ata  nathi  diwa  harena  harena  pathata  wada  gon  pottaya,yes
auruda 12kin basilui thoi walapalle yamalowa,yes
basil kiyanne pal horek moka kohoma kiwat sajit milaga janadi pathi basilge puka hodapan,yes
muge ammage bada gon pakaya,yes
Obe.anawakiya.hari,no
Sathya vlogs ??? ???????? ??? ?????,no
Mokada yako mehema boru kiyanne,yes
Thota molda wesige putho boru kikanne,yes
Mu kiyanne patta boru.,yes
Muta monawa kiyannada machan...,no
Mu..tanikara.pissek,yes
May pakayage at a nathe dewa,yes
giyaparat  ma  wage  mal ponnayak oluwata waditytagannawa kiwwa ko u hoyandat na,yes
Tho balapiyako ranil gona ain karanne kiyala gota,yes
Ithin tho chndeta warako thota kiyak dunnada oya wadeta pala pala kala kanniya,yes
Ane potta gono madamulane balla ewanm thoge ganige ale kanna hitapiya,yes
Mu kage daruwek da halo,yes
Boru.mudallwalata.kadae.yanawa,yes
There are media donkeys in Sri Lanka to get this ass holes to sathya vlogs. Blind fuckers,yes
Chapa ekka kiyapan pottaya langadima kanawa,yes
Pottaya pissu kelinava,yes
Mu boru dan keyanna,yes
Pala abbaya yanna,yes
Akilayi dayasiriyi  ?,no
Thama citizens akawth ne ane gone set eka,yes
chapa hitiyam obe redi galawai mahattayo,yes
palayan boru karaya,yes
Muge boru bn,yes
Supiri bn meka,no
Atha kathawa ayye maru wadak oya wage wada thawa karana aniwarenma,no
Hondha wedastahanak jayawewa,no
Oyaga chanl eak goodk  hodaiu karagan yanna  obata taruwan saranaiy,no
Niyamai aiyee good luck jaya ???? ...,no
Brother please mark my words. Quran is clearly telling to kill disbelievers. Need proof? Read quran 2:191,no
Palaya n ponna yo,yes
Ouithin ubath  edgena pare hitapan,yes
Hutho deviyan kavadada agama 4rk mauve kiyapan ponnaya,yes
Me wage thama ape rata ona aiyye   uya meka hamadama karanna,no
Music ain krhn oiii aprade watinm deyk elm,no
U did great job,no
This man is genuinely innocent and truthful,no
Really good Job ayye. Hats off to you.,no
Ehema habaya arabi endumak nam kota gawmath brithanya endumak,no
Subscribe karanna vatinama channel ekak... ohomama karagena yamu malli...,no
mata nam ekekwath sure ne ban me wena dewal dekkahama,no
Lankawe thiyenne islamic ari isis ari terrorist nemei..ape rate thiyenne unp terrorist..,no
lassana bawudda ratawal islam una mekatath bala karanna hadanne okama thamai,no
good job. Thank you very much.,no
kollo owa mona gobba prashnada ? menna prashna ahapan,no
Muslim ewun †Dar al-Islam wishwasa  karanawada / Dar al-Harb wishwasa karanawada ? Muslim ewunwa maninna puluwan oya prashan deken witharai,no
Me wage midiya krn epa yako,yes
ma varadi karpu akava pana pitin allala vada dila maranda ona ada apa minissu dok vanva ma pau kavadavat makan nh pay ahnsaka meinissu nati una samavanna,no
Nice programme,no
Huge respect sir,no
Supiri ayye mevage video danna,no
Malli uba wada pethi ganai.hadis ganai ahapan.puluwannam muslim kellek badinna ahapan.,no
Aththatama hamoma jathiwadi nemei...meka aththatama deshapalana game.ekak,no
Atthatama Muslim sahodarayo okkoma tastawadiyo newei owunut api wage ahinsaka minissu okkoma anthawadiyo vidiyata mani na epa..,no
pleas study kurgan SAKIYA hiks,no
Thanks bro. Meka godak watinawa apita.,no
Godak hoda program ekak,no
Mu hanga hanga katha karanne therennedda,no
Kotasak karana wadawalta ahinsaka minissu pau kattiyama akwenna samaya wihidawanna,no
Nabiya hodai kiyalada hithanne nabi ge jivitha kathawa kiyawala enna islam agama adahanna kalin,no
Nari nawanna EPA huththo,yes
Ela kolla we support your channel,no
Gon prashna ahanna epa yako,yes
Qur'an eke naha,no
Mewa okkoma thiyenne Mohamed ge hadith collection eke,no
Eke thiyenawada nadda kiyala ahapan,no
Onna machan ubala thama supiri chennal eka ashen vlogs aya ara chan bro un okkoma lejja venna one ubalata ape support eka denama machan hadavathen kiyanne mewa,no
Ekane hemoma hoda minissu inne eth me atara antawadin innawa un tamai allala neti karala danna ona,yes
Aththa thamai ahinsaka Muslim ayeth asaranai,no
Rawatenna epa bn munta.. kapati munla okkoma,yes
Please watch .......!,no
Sex college teknik,no
Oba wage  hoda aya innawa,no
Ratata samagiya gemu kiyana aya danna balmu like ekak,no
mun okkoma ekai kadawalata yanna epa.,yes
"Read Quran ( 2:190 , 2:191 and chapter 9 Verse 5 ). can you explain those verses?",no
Sakiya oyalage wage page thiyenakm rate samaya thiyenawa thanxs sakiya page bros,no
Shakira attached,no
"samahara naraka minissunge veraddeng mulu muslim kattiyatama duka deela inne ape samahara tamil,sihala kattiya.",no
Sakiya good job bro.. keep it up ?,no
muslim aya uuranta baya ei kiyala kiyala ahanna . Davena prashna,no
"Ane manda,kawa wishwasa karannada.",no
Allahta puka diyan allah kiyala labbak ne,yes
Anee para thambi okkoma akai as 2ta penna baa.thopi Allah dewiyantath apahasa karana sakkali jathiyak,yes
"okkoma sakkii bola ,,, ookun  hamooma  ""BRAIN WASHED""",yes
It's really unfortunate that innocent muslims in Sri Lanka have to suffer for the actions of those extremist scumbags. Hope the island returns to a peaceful nation soon.,no
"Excellent interview, very valuable and informative.  I like the Muslim person and the lady, they make sense.  There's good and bad in every race and religion and its compounded by politics.",no
Niyama muslim minissu enna wa #Respect,no
Atakota   ???????    ????   phi   tiyanna   aii,no
Great  ?,no
Sakkeileyo karana ??????  ??????  musleima ??? ?????  pu louku ayaga wada wanna atei,yes
Respect you Brother  Jathiyen bedenna epa api hemoma minissu,no
Hoda wadak malli,no
Mama nam mage kawru hari mekata sambandai kiya dana gattha nam maranawa ewage modayo apith ekka jeewath unama karadarayak ...,yes
Ane ban me ratata kelawenne mehemai. Moda wenna EPA. Akkramanaya ehemamai.,yes
Thambi kadawalata yana aka nathara karapalla....,yes
Aka thambiyek wath mitapasse wishwasa karanna epa bolaw...,yes
Woow its a great news,no
Meya me saamanyadewal wotharai kiyanme,no
It's a relief to watch these comments,no
Atthatama  hoda aye innawa moshlim  paw me aye,no
Tamath Sarwagamika Puttuwema Ellila Hitapan..ubala wage Eun Marila Yanna One Hathikareeeee,yes
We don't need to do extensive research as others have already done it on Quran and it's verses.,no
At 3:10 he says that Islam instructs no violence or death to non believers. This is a false statement then and there.,no
Hoda aya ati et hoda (pennan) inna jere uo godai.,no
Great job bro,no
Great job bro,no
Great job bro,no
Great job bro,no
Unlike kale isis da?,no
Mewata ahu wenna epa. Mun 90% same view ekaka inne,no
Bro.meeta vada islam geana odhata dhanna kattiya innawa sinhala leq katha karanna eyalava oyala prgrme karanna k.,no
why not in english.,no
ape modoyo munge boru thawth pili gannawa ne,yes
I S jihadi. Tererist.. Shot down,yes
No matter what he says. It's definitely true that nabi and quran has told their believers to kill non believers.,no
If he says he doesn't know about it he is not a real Muslim,no
Ettamai,no
Comment tika dakiddi aradei guys ublta,yes
Denwt terun aragn inna ekata thankyou saho,no
Thank you so much for this video brother.we all are Sri Lankanís,no
yougood,no
youok???,no
Game lnewei bro ekata hitapu kattiya unoth wedak ne api allala denawamai bro,no
Ponna sakiyo pakaya wenna epa ballo kade Ghilla keri thambinta ponnaya,yes
"superve, thankz me wage video upload karana ekata",no
"Apita jaathibeda ona ne, api okkoma lankikayo, ekwee nekitimu",no
Mathaka theya ganilla bn mona jatheya akak unath api maranawa bn aka thama tharun ganna onac,no
yako video ekak karnawanam clean ekata hadahang ! back ground eke redde music eka nawathahang !,yes
We want the people like him,no
Kalin chanal ekata mokada unee,no
RELIGION of *PEACE*,no
Good. true answer brother. we all one nation,no
Ela ela macho ombala gena aadambarai,no
Chanal eka ohama karagana yamu,no
Api 100? support karanavo,no
{Love you srilanka   },no
Good job,no
Hope these people will be safe from the extreme elements.,no
Moda Thowheed jamath utto..,yes
Samagiya  vitharai one,no
Oyata jp,no
Chik lankawema eun homa karanawada adigavilama pala paw asarana akka udaw karanna paww..,yes
Akke koheda inne oya,no
Gament ekakata gihilla hamba karaganna gewal wala wadata pita ratawal walata noya,no
Ane pau okita koi mohhothaka hari oya aparada pala denawa kerima weseyak,yes
Minis kama ballata gihilla anunta wala kapala thamangema jathiye unta kelawan un iddi kohomada hariyanne hena gahanna ona,yes
Mokada yako Dineash,yes
Ethanth lankawe ganiyek thawath lankawe ahinsaka manussayekwa asaran karanne...,yes
Nethinam gedara babage nomber eka denna prsne visadala dennam,no
Inna rata kiyanna inna thena kiyanna pulun deyak karanna balannam,no
Lankawe genu magha sakkili oyata kawuruhari pihita wei,no
Paw ???????,no
Moko,no
Pau yakooo me akka,no
plz help her,no
Oya ambasiyata yanne akki.,no
Oyat a udaw karayi dinesh Malli meka dakkama parissamen inna nangi  budu saranayi oyata mat inne qatar wala,no
Ane paw ??????? ?????? ???? karanna .????? akke oya inna rata ...,no
Loke inna jarama jathiya......paw yako......,yes
Maha kaaalakanni jathiyak...henama gahapan....ane me kenata udaw karanna kawruhri,yes
Ane pau me nangita udau karanna puluwan tharan ikmanata,no
Komatati sinhala uni sinhala unita walakapanawa jaraha ganu,yes
Plsz M eyata udau karana,no
"Anyway, we hope that she communicate with us to cancel her contract and start working elsewhere and we wish her good luck.",no
homa thama apa un  thama sakkili karana weda kranna oyata pihita wei hariyanawa  an udau karanna,yes
Ai deiyane minissu mechchara napuru.. Mage sahodariya oyata monawada karanna one..,no
Ani ????? ?????????? ???? ?????? ????? epaaaa ???? ???????? ???? epaaaa teruwan ????? ???,no
Pau ane udauak karannako pau ane,no
ane deiyaneee.... pau.... oya gana dines ayiya balawiii parissamin inna....,no
Oya gedarin panala Embassy yanna,no
Ane deiyane lankawe wela hodin neda ona pau ane me akkata udau karanta,no
Oyage nambare ewanna,no
Paw,no
Koheda rata,no
Pau deviyane me manusseyate udau karanne,no
Api aunma tamai koha giyat apita wada kapane nagi oyata dinash mali  udau karai bata wana aka jesu pihitai oyata,no
Oy a pau KO had a rata,no
Oya para ganita hana gahanava matath apu alutha hitapu gani ohomakara mama aliyatama damma napuru ganu,yes
Ohoma Jara genu innawa nangi,no
Pirimi 10 eka kamareka edi eth ganu 2 enna ba ekata e thama hati,no
Nangi oyata devipihitai ape rate ganu Arabi karayanta wada jealous take care,no
Akke oya anik genige lankawe gewal koheda kiyanna thibbe. Hoyagana gihin unge jathiyatama hamannala enna. Kalakanni hutthiyo,yes
"Paw, ikmanatama shanyak lebei",no
Adanna epa akka ikmamnin shanayak laba devi denesh malli,no
anee puluwan ekmanata eyage ge maru karala denna apee unma thama apita kelinne kohe giyath,no
Me akka Inna rata kiyanna issara wela dubainam api Udau Karanna lesthi,no
Oyata dines suranala udaw karaiy bayawenda aepa  mamath  me vidiyowa  dinesge pon aekata sheyar kara theruwan saranai .,no
Ane pau deyyane,no
Oya ara ganige photo dannakooo,no
Sad,no
apama  patta wasiyo  wasigaputala tamai  apa unwa  kapanna.,yes
danda fb akata okige photo akai koha patta wasiyakdai kiyala,yes
A.Anita.hodak.wanna.apa.oyata.hodak.wai,no
Jesu pihitay sahodaree oyata ekmabata sadaranayak wenna kiyala prartana karami,no
Malli oya wade ohamama karagena yaman obata jaya,no
Ai palli wala avi audha.,yes
Muslim Sahodarayani me praharaya sidukale amarikawe uwamanawata kala deyak  mokada amarikawata one yudha Bess ekak sthapitha  karannayi .. api ekamuthuwela jerwathwemu .. amarikawata akulagena yana amarikan thanapathiwariya whama iwath kalayuthui,no
Good job brother,no
Hematenama palli hadanawane munta hemathankama palli hadanna onada ape gamata eka pansalai sinhalune hadapiya gama wetema pansal bs,no
Afghanistan indonision mokada une meka minisu andawasawa muslim kiyanne terrorists nikan sudu hunu gagada onne na,yes
oya paka music yesdanna apa mavaga sakachcha karaddi,yes
Sakiya.... ko siyalu rahas... monada heli kala rahasa... topic eka wage na video eka...,no
Nice clips allah bless you tell the truth ti the world for peace.,no
Hoda.???? .innawa,no
Maddrasa kiyanne ..pasalata ..arabiyen atta,no
Niyamai  sakiya  malli,no
Apiwa  dhanuwath  karata,no
Respect you brother,no
Hari welawata  kalayuthude karala thiyenwa obasemata theruwan saranai,no
Machan wenna one api hamoma ekatu wela rata godadana eka,no
Hithe ethi jeesuthuma siriyawata bahiy kiyala nedokin.thopi thama anday.,no
Palayan pakayo yanna. Muslim novana thope kuranaye alla namen maranna kiyala thiyenava. Palayan pakayo yanna. Thopi vinasa karanne ne. Thopi mini maruvo.,yes
Hoda aya innawa,no
Muslim lankwat epa kiynna aya like ekk dnna mun nisa minisu kochr byen d inne lmaiwa scl ywne na. Kurnet gya bomba krya thma alla gne na ithn khmd muslim unwa wshwsa krnne,yes
Ape genuth Aran Petawu gahala rata  allanna(nokiwwata) Kona kapapu unne..okkoma ekai devavadi agam wala minisunta agamenma kiyanawa anik agamwala siddasthana winasa karanna Kiyala...ekai mun mawanelleth budu pilima keduwe..,yes
onna oyawa sub kara math,no
Ape peththenam na issara muslim uluwa wahanne nathiwa hoda hitaya     Baluweda jarana unta samawa denna hoda ne  ma oadmi,no
Ubalagay pirimi godakak val ballo,yes
Kaavath wiswaasa karanna baha.bada daru genuth bomba walata sambandai ..pirimiya weradi karanawa madiwata genuth ....?????,no
Uba ammatata hukahn,yes
Ubala vagey gu agamak mey loke ne,yes
Hoda hith tyna muslim ayath pau. me dewal nisa e minissuntath kochchara prashna wenawa athda,no
Thank you,no
Aniwaryenma obage katawa,no
Mu boru kiyanne,no
Eka hoda ekek na huththo,yes
Malli oyage chennal ekha godak hondai oya meh karana wede hari. niyamai hari saadaranai.ohoma yamu malli,no
Niyamai meh rateh inna muslim hemoma naraka nehe.naraka minissu hema jaathiyema innawa.,no
Mamat sinhala.namut matat muslim yahaluwo godak innawa,no
hama muslim minihama na wenna puluwan.eth ahu unu okkom muslim une.jathyantharen ewapu unda,yes
Muslim ahinsaka ayath athi kochchara ahinsaka unath un kemathi sinhala jathiya nethi wenawata ane unta dennam kisima anukampawak ne ara nethi una minisunge ahinsaka daruwan gena hithaddi denana tharahanam un gena  wachana walin kiyanna be,no
Hoda ??????  innawa,no
Horage  Ammagen pena ahanawa wage,no
Hoda muslim aya godak innawa.eth??,no
Muge aniwarya nithi 5 balahallako... kochara anda bakthikayoda mun,yes
Oya aettha kiyanne.,no
Api sinhala minissu. Hema muslim janyama mekata pali ne. Me muslim anthavadeenta udav kare me parlimentuwe inna narakaadiyo tika muva newatha nam parlimentuwata yawannam epa penawa ne waga keem ganna heti.,yes
Anun Gena viwechanaya Karanna kalin thaman niwaradi da kiyala Balanna. .,no
Kaurut minissu. Ai aagam wadayak.,no
Thanks brother you are great.,no
Ettatama niyamai Nana...,no
Ape Singhala Tamil minisunta vada. Islamiya minissu godak manasikata vetila thiyanava...,no
Nana minisunge muna balana Kota lejjai kiyaddi kadulu  pitavuna....,no
Api yes97no idan Muslim aya samaga sahodarayo wage hitiya api oun ekaka EKA pawlaka sahodarayo men thamath kisima karadarayak nomethiwa giwathwena aya,no
Pissu mun okkkma akai....dasa kariyo...habai sinhalaya wage nam namai.. apita wada munge aka muthuwa thiyenawa....,yes
Mulu ratema muslim gewalwala kadu bomba sinhalunge beli kapanna rata avith haduwe mun para haththa,yes
Kothanawsth nathi meya oyawa mula karala viwarai oya saha meka ahan inna minissuth rawatila iwarai muslim kisiwek viswasa karanna apa mokada un apita lanwla inne apen deyak kada ganna misak apita unge ganu denna neme ganuth hangan inne,no
Apita muslim kisiwek viswasa ne rate pansal 9nonono palli 9nonono.kohomada idan allana vidiya a wage thamai anith jathin mula karala rawatala gathane karala ratawal alla ganima meya kiyanne ayage agame minissunta vitharai denne wenath jathinta kisiwak denne ne,no
Apa  pansalak  hadanna  arabi  rataka  denawada  eth  ubalaga  palli  kiyak  apa  rata  thiyanawada  garu  janadipathi tumani  denna  apa  apa  baudda  rata  palli  hadanna,yes
Nubala  mona  dewal  kiwat  apa  me  singhala  rata  apita  aithi  weladam  karanna  vithari  ubala  awa  den  me  rata  alla  ganna  denna  baha,yes
Keriii thambiii marpiyoooo,yes
Very good answer sir.,no
Etin tambiyo otaran pin karanawanam mini maranna etin yako ayi ma maranna,yes
Supiri yaloova davi pitai,no
Me machn mu hariyt wistre danne nee mu kiyana ewa boru nee eth hoda danna knk gen ehuwnm phdilwa prshnwlt uttara hambey,no
Oya hoda wadak karanne theruwan saranai,no
Akige.nambare.puluwannam.dannako,no
Paw,no
Ayyo ape balu ganuma thama ape unta wala kapanne.paw kara haththa okita saha gahanawa,yes
nodokin lankve un ohommama thamai habai hamoma na samarak innava api eka ratene kiyalavath hithanna akka oya mona rateda oyata ikmanatama jesuge namen kauruhari pihita vei,yes
Nangi  oya emmbassyata yana oya lankawe ,no
mangi mama oyawadannawa  oyage nobare weada na mama sandhya oyaapi ekata rathnapure terningiye  mathakada Mata harima dukai nominate Danna akke parisamin Inna budusarani,no
ane pau e akkata ai me ape eumma ape eunta wala kapanne,no
Yakoo me desapalana un karana balu wada nisa ape ahinsaka ammala duk widinawa pau deiyane,yes
OyTa hoda tenak labei akka,no
Nangi gedara ayata kiyala videsa sewa akata peminili karanna kiyanna dinesh malli meka dakivi ane ayata denagaththoth monawa hari karavi ..iwasaninna monawa karannada..,no
Matath oya wage prasnayak thibuna iwasanna puluwanuparime ??????  den hemotama wada man hodawela munta,no
"Patta weseyo lankawe un ohoma tamai kawda oki oya adanna apa akke b,s",yes
NANGI OYA INNA RATA KOHEDA,no
Dinesh apith oyagen illane puluwan tharam ikmanata me yata  udaw karana plz......,no
Pita.allapu.Ratawal.wala.aya.hodayi.ekagedaraka.innaba.lankawe.dennek.ekka.Randuwenwami.pow.oya.udaw.karayi.dines.surangala.,no
Yako me ape lankawe geniyak puluwan tharam ikmanata udaw karapaan,yes
Oya.prwesamen.inna.ehema.nounoth.oya.phedilikaranna.mata.yannawenne.ubanisa.ekavage.innwanam.wenamadryak,no
Dan.oya.kohomahari.oyagedarin.pitawenna.kaliyen.eyta.diddawenneth.anek.peththa.kenekuta.valakeputh.eken.lebena.prethipala.ithamath.bhayanaki.innawa.thama.samrak.hemoma.ne.,no
Pau me manussaya ane udau karanna kauru hari,no
Oyata udau Maria ape gaththa thama kanne kothanath,no
Pau deiyane ai me wage weda karanne. Me wage genunta nam hodak wenne nehe,no
Nodakin Pahara Hatta Apa Sinhalayata Hana Gahala Tiyanna Oka Tamai Mamat Awu... 9k Enna Lankawa Ayat Akka Kisima Karadarayak Na,yes
ape.wesa.ganu.enna.tanaka.enna.baha.,yes
Paw deiyanee,no
Puluwan kenek udau karala me akkawa nidahas karala denne please pissuda wenawa,no
Oya wesita kala kam pala denawa akke alla dewiyange ratedima. Oya wesita thama yanna wenne oya duk nowi enna,yes
me vediyo bal bal rata ena moda genunta  kiyanna wacana ne,yes
Ane malliyo meyata pehitawenn  oyata pin,no
Koheda oya inne rata kiyanna isarala,no
Dinash aiya kiyana kana mayata udaw karanna plz loku udaw wak ane paw ane godak dukai oyt budu daranai aikke ane mtnm adano mka baaddi plz udaw kranna oyt deviya sampath labai,no
Anei paw udau karsnna,no
Sahodari oya davasata vachana deka thuna hari e rate bhashava igena ganna,no
Pau diyane lankave kattiya ai napuru kuhaka pita rataka sahodariyo vage inna bari moko,no
oya koheda inna,no
Dines malli oyata udaw karai,no
Loku dayak mayata kauru hari udau karanawanam  apa lankawa samahara minissu harima  kuhakai taman gana vitarai hitanna,no
Tho puke araganna giya nm puke araganin. Minissunta wada ganu ubala. Lankawe ona tharam garment wala jobvthiyanawa.  Tho rata giye puke ara gannane loku polu walin dan kapan katta. Wesi,yes
Kawda mee   dinash,no
Ammata hukawanna ona oya wesige,yes
Lankawana giyapu ajanciye nombare awana,no
Anith ganige wisthara danna nama enna than ahema okege  kimba palenna,yes
pau deiyne,no
Akke koheda inne oya,no
Gament ekakata gihilla hamba karaganna gewal wala wadata pita ratawal walata noya,no
Ane pau okita koi mohhothaka hari oya aparada pala denawa kari wesiyak,yes
Minis kama ballata gihilla anunta wala kapala thamangema jathiye unta kelawan un iddi kohomada hariyanne hena gahanna ona wesa huththi,yes
Rata kana gon palakayo koti ganan walin unge sakku purawagaddi me wage asarana lankawe minissunta wada karanna karmantha hadanna bari mokada me gonnu mokada karanne,yes
Mokada yako ballo,yes
Ethanth lankawe ganiyek thawath lankawe ahinsaka manussayekwa asaran karanne...,no
Nethinam gedara babage nomber eka denna prsne visadala dennam,no
Inna rata kiyanna inna thena kiyanna pulun deyak karanna balannam,no
Lankawe genu maha sakkili ballo oyata kawuruhari pihita wei,yes
Paw,no
Moko,no
KALAKANNI HATTA OYA SAKKILI MUSLIM BALLO  DUPPAT KAMATA YANAWATAMA AT SINHAL BALLA A WALIN PRRYOJANA GANNAWA APE SINHALA HATTA TAMA APITAMA KELINNE NANGI     OYATA  JESU PIHITAI,yes
Ai yakooo me akka,yes
plz help her,no
Oya ambasiyata yanne akki.,no
Oyat a udaw karayi dinesh Malli meka dakkama parissamen inna nangi  budu saranayi oyata mat inne qatar wala,no
Loke inna jarama jathiya......paw yako......,yes
Maha kaaalakanni jathiyak...henama gahapan....ane me kenata udaw karanna kawruhri,yes
Ane pau me nangita udau karanna puluwan tharan ikmanata,no
Paw aragani ganiyakda me apema sinhala minissu nathibari kamata awama mokada ane me ahinsaka ayata mahama karannana kithak papuwak na,yes
Komatati sinhala uni sinhala unita walakapanawa jaraha ganu,yes
Plsz M eyata udau karana,no
Mama hemadama kiyana da Ada dekka.pita rata rassawata yanawanam lankawa awun Inna tenakata yanna apa kiyala.giyat lankawan kanak lagata gannat apa.a taram jarama awun.apiwama vinasa karanna inna,no
"Hi, I live in the same house where this lady lives. If she didn't like the working conditions in this house, she could tell the family and they would cancel her contract with them so she can look for a different house to work in.",no
"Anyway, we hope that she communicate with us to cancel her contract and start working elsewhere and we wish her good luck.",no
Hoda wade topita arabiyanta puka denda yanawata..ai topota lankawe job ndda anunge pukawal hodanda yanne ubala sakkilyda ..yako lankawe idagena kiyak hari hoyagena  idapa ...dan ada ada idapan,yes
homa thama apa un  thama sakkili karana weda kranna oyata pihita wei hariyanawa  an udau karanna,yes
Ai deiyane minissu mechchara napuru.. Mage sahodariya oyata monawada karanna one..,no
Pau ane udauak karannako pau ane,no
ane deiyaneee.... pau.... oya gana dines ayiya balawiii parissamin inna....,no
Oya gedarin panala Embassy yanna,no
Oya gedara inna e ganu kenage photo ekak  danna e kena kawda kiyala anith ayata dana gannath ekka..ahinsaka kamin prayojana ganna aya thama godakma inne..,no
Ane deiyane lankawe wela hodin neda ona pau ane me akkata udau karanta,no
Oyage nambare ewanna,no
Ane paw meyata udaw karanna  ajanzy karayo thirisannu un ape  rate genu wikunan kanawa eetama ape genu apema genunta kenehili kam karanawa,no
Paw,no
Kauda oyata karadara karana lankave patta paduru wesii...okige huththa allala kochchi kotanna ona.gaaniyekge vedanava notherena huththiyak,yes
Koheda rata,no
Pau deviyane me manusseyate udau karanne,no
Api aunma tamai koha giyat apita wada kapane nagi oyata dinash mali  udau karai bata wana aka jesu pihitai oyata,no
Oy a pau KO had a rata,no
Oya para ganita hana gahanava matath apu alutha hitapu gani ohomakara mama aliyatama damma napuru ganu,yes
Paw,no
Ohoma Jara genu innawa nangi,yes
Pirimi yesno eka kamareka edi eth ganu 2 enna ba ekata e thama hati,no
Nangi oyata devipihitai ape rate ganu Arabi karayanta wada jealous take care,no
Kalakanni hutthiyo,yes
"Paw, ikmanatama shanyak lebei",no
Adanna epa akka ikmamnin shanayak laba devi denesh malli,no
anee puluwan ekmanata eyage ge maru karala denna apee unma thama apita kelinne kohe giyath,no
Me akka Inna rata kiyanna issara wela dubainam api Udau Karanna lesthi,no
Oyata dines suranala udaw karaiy bayawenda aepa  mamath  me vidiyowa  dinesge pon aekata sheyar kara theruwan saranai .,no
Ane pau deyyane,no
Oya ara ganige photo dannakooo,no
Sad,no
oya  baya  wenna apa  mokdda  apu  ajnsiya  oya     koheda enne mokada  karanne apu  rata mokdad  kiya  awa  sadahn  karanan okkoam  ode,no
apama  patta wasiyo  wasigaputala tamai  apa unwa  kapanna.,yes
danda fb akata okige photo akai koha patta wasiyakdai kiyala,yes
A.Anita.hodak.wanna.apa.oyata.hodak.wai,no
Jesu pihitay sahodaree oyata ekmabata sadaranayak wenna kiyala prartana karami,no
Shit Ai mehama ape un ape untama karanne. Pau deiyana. Oyata sanasimak labei akke. Theruwan saranae oyata,no
sakkili ballo,yes
udau karanna koheda rata kiyalawat danne nene,no
Oya  a ganita bya wanna apa .oyat randu wanna oyata puluwan vidihata madamta kiyanna .atin paihin hari kiyana .oyata gedra ayagen karadarayk nha ne .oya ei ape akakuta bye inna me waga awhma munta wadaiya amarui ape un akka inna,no
Ane dukai godak math oya wage duk vinda apema lankawe Aya Tama apita Wala kapanne mats karadara una man Buddha kiyala madamta kiyala eyath bauddha ane puluwan Aya meyata udau karanna theruwansaranai,no
ane ammooooo,no
Okewa  pannapan  nagi hana  gahapan  oketa,yes
ane ammeeeee lankawe minissu,no
Pau anee lankave unma thamai lankawe ayata wala,no
Kapanne apatath ehema thamai oya hari ahinsaka akka kenek pena vidiyata oyata hari yavi akke baya mathuw inna?,no
Basava bariva rata giyama pattama Amarui jivath venda,no
oyath eakka inna lankave thirisani no denna,yes
Ape geenuda kalakanni oyata udaw lebei budu saranai paw deviyane,yes
Apa lankawa un thama apitam wala kapanna,yes
"dawiyan wahansege pehiten oyata  yahapatak labewi, jp",no
mekiwa hoyal maranna oni hora balli paw me ahisaka gahani,yes
Ow Ape Un Thamai Saththu wesa balli,yes
Kuwait koheda mama hoyanam akki mamadanna ayainnaws,no
Ape gautaha puduma jatiyak  hitanna barida  hamoma lankawe kiyala anika pita rataka   anunge duka danne nati patta wesa ganu,yes
lankawe balliyek ohoma karanawanam ethuru minissu gana kawara kathada,yes
Oyakoheda..inna.rata,no
akke dinesh dunesh nemei ban inna rata kiyanna.  oya rate inna aya udau karai,no
Nodakin thopi lankaweda  lankawe jala kanni thama  lankawe untama wala kapanne  oya kala kanni genige teli pone no eka ewandako puluwannam  mama katha karannam  mama  dubai,yes
Oya baye wanne epa dinesh oyate udau kerai ??????? ????? ????,no
Gon balli ganiyesyekuta ganiyek karana hathuru kam chick vitharak,yes
Ohoma koments dala hariyannehe sahodaraweruni lankaway Inna ajensi unta gahapalla okkoma ekathuwela.hoda padamak uganpalla.,yes
Dinesh aiyage nu eka dennam kohomada denne oya kuwait nam udau karanna ???????,no
ane pu oya koheda enna akke,no
Oya gedara unta  kiyala wena thanakata  yanna ko ithin,no
yako,yes
Kari wesa ballo. ajansi karayo. koheda me akka inna rata appa,yes
oyata wenas kan karana patta balli hama gahanna ona oki,yes
Oyata kauruth udaw nokaloth kohoma hari sri Lanka embasiyata yanna.,no
Ane pau ahinsaka kenek oyage peashnaya ekimanatama wisa dewa.budu sarani,no
yakoo,yes
Oya mona rateda inne,no
Pau ana arabi danna nate nisae a amma asarana wala enna,no
Oya koheda inna mona rtada kiyala ne kohamada api udau karanna,no
Ane deviyane puluwan kenek udau karanna godak lankawa ganu aluthen ana ayata mehama thamai salakanne matath me athdakima thiyenawa,no
Ane pau deiyane,no
pau ithin a amma,no
Nniyamai dctor weldan,no
Kari thambiya ubage ammata hukanna kiyana widiyata hitapan huththo,yes
kari balli unba ammata hukana wesi,yes
Api kiyana vediyata hitapan pakayo kari thambiya,yes
Ponna tambi ganunta tamai topi sada danne kari ponna tambiya to dana gan toge ganiwa matha ahu unot adum okkoma galawala para arinna kiyala,yes
docter apita sathutui obathumiya gana,no
ane munta giya kala galawanna barinam gewal athule mariyau thopi okun oya widiyata hospital walata enawanam beheth newei denna one pollak aran thadibanna one palayau hathikare arabiyata kunu gada gahana thope ganu parissam karanna,yes
Doctor niyamai oya.oya eka wachane innawa proud of you madam thanks because of this rules,no
Huthige puthoooo nethiya pilepadinna barinam thopith palayaw arabiyata,yes
Rajakaariyaya bada kireema. Meke wisathara hoyala polisiyata denna munwa arrest karanna.,no
Ape lankawe inna hema tambiyekwama arabiyata gihin damu.athakota ape rate apita nidahase inna puluwan.,no
ballo rata arakshawata keyanne mole pukeda thiyanne,yes
nurse gaththa video eka dannako apita me marakkalayage muna balaganna,no
kari thambiya tho mokadda huththo ka gahhanneh puke arinneh huththa e madiwata video th karanawa u hari wage,yes
ado oya hariye yes sinhl pirimiyek hari hitiynn okun iwri,yes
Respect you doctor,no
Keep it up.,no
Ponna  thambiyo  rate  nithiya  ballo  doctor  bayayak  thiyenawa  a anuwa  enna epa kiyanna  mokada a doctor  nisa  thota  mona  bayakda  janadipathi  ra kathakanna puluwan  kiyanne ura  sakkiliyo,yes
Geri thambinta nithiyak naha meke welathiyenne...apita kiyanna mekoheda.....,yes
Vary good docter.....,no
kari ponna thambiya,yes
Vediya dagalann epa. Mek kiyanne musim hema wesa ekatm.,yes
Kanna palanawa thambi pakayanlageee  .palliyata gihin puka dipan pakku .palliya apita loku naaaaa .thopi kabaya galawala waru .API kiyana thaleta Inna bainam thopi palayau marum kan nathiwa,yes
Thunkale ponnayo,yes
Hena gahapiya thambinta,yes
"Yako muna wahan anik eawa ealeye dagena Warren ganiyek da Kiyala balanna , muna arinna barinam . Nanne Nate gadayo",yes
Gong harak panditha pakku thambi tikak  munwa yawanda onai policiyata bara thanda onai,yes
Muslim weyan sakkili novi,yes
Oyawage lokutok denawanam apith narakai kiyannaepa,no
Doktea Hari kisima waradak ne,no
Kari thambiyage thiyana sadde balapallako.munta giya rata.ane huke.kari pakayala.hariyata unge ganunge kimba nalale thiyanava vage.meva dakinakota le naliyanava bolaw.,yes
Jandhipathita puka diuyan kariya....,yes
Kari huthte thambiyo thope allage walla wahapiyau burukawen meka sinhala rata,yes
Munta Beheth karanda epa.,yes
Sakkiliy ballo kata wahapiyaw hitiyata garukarapiyaw tops dostara 4nonono wada karala apu ahema ne ballo  nitiya okkotama akai,yes
Janadipati ube ganita dipn,yes
Niyamai doctor kari tambi balu kala,yes
oka galawala warella athakota iwara ne. kari ponnyage sadde. a doctor. niyamai. baya wenna apa okunta,yes
good job,no
munta anith eka galawanna kiwwa wagene muna pennane beauty queenge.,yes
peneda munge kate sadde?ane ammapa pirimiyek hitiye nadda othana?mm hitiyanam issella okata beheth karanawa.jathiwade awussa awussa para balla apita kiyanawa.,yes
Hukawana ubalatath lagadima Muslim hatha pirissaman hita palla sikuradata buka uada danna balagena,yes
ape sinhala doctor lata ka Gahanna Enna epaaa thopi maranawaaaa,yes
"Akki mate oyawe as deken balanne oni mate oyath akke dance akak keranne oni mamath asai tv ake ragepanne							",no
"Akki chil bro eke song ekakata karannako							",no
"Akke dance eka beautiful ?? Video ekata Copyright wadila ??							",no
"Adarei akki							",no
"Woow godak hoda deyak mewa balala wath anith aya hadenawa  nam ohoma karanna wenne naha							",no
"Unlike kre kud ade ??							",no
"Unlike dala tiyenne ei???							",no
"Theruwan Saranai!!!							",no
"Teruwan saranai oba wahanselata							",no
"Te..too .gahanne.heenamanaya..nisa.							",no
"Saudi sadui							",no
"sathya therum gath hati							",no
"Sadu sadu sadu ????????????tharuwan saranae  ????????????????????????							",no
"Sadu sadu sa????????????????							",no
"Puluwan nm. Me pansala gana weda satahank krnnn							",no
"Pani promote karapu time akea .. 7 news walata hamadama mea wagea positive deyak damanam .. Ratea minisu thawath lasana waiÖ							",no
"Pacha.gahapu.awnta.mahana.venna bee							",yes
"Obata godak pin me esthanaya pennuwata							",no
"Oba wahanselata uthum nirawanya labagenimata shakthiya lebethawaa ????????							",no
"Oba thidenatama mama kianne,  Ai Apita  mahana vendakalin  hithahadaganna bari. Api hithyvot Apita Puluvan.							",no
"Oba siyaluma wahanselata e uthum nirwana suwaya uda wewa !							",no
"Niymei ????????????							",no
"Minissu hamoma darma margaye gaman kirimata sith pahala wewa							",no
"Methanata sambanda venne Kohomada kalyana suwamin vahansa							",no
"Metane numbar akak nakde							",no
"Mehenin wahanse namk wenna barida methana.							",no
"Me							",no
"Me wge ayathana rata thula thawa bihi  kala yuthui.							",no
"Me place ekak thiyenne koheda please mata location denna							",no
"Me mithya drushtiya  ugannana  thanak.							",yes
"Me koheda?							",no
"Me  thana address  eka  denna.  Godak  pin. Theruwansaranai thisthunkootiyak Devi pihitai samata							",no
"Math enawa ikmaninma							",no
"Matath enna hitenwa. ??							",no
"Mata puluwannam me temple eke phone number ekak ewanna. Theruwan saranaiii hemotama							",no
"Mamath try karanawa methanata enna namuth jeeevithe siyalu dee ata harinna bariwa thawamath dagalanawa mama aniwarayen methanata pavidi wenna yanawa							",no
"mamath  asai  pawadi,ana							",no
"Maka kohada tiyanna kiyanna ko							",no
"Ma thena kohida							",no
"Lagadima yanna hitenawa							",no
"Kohomda Apita me sthabyata badenna puluwan							",no
"Koheda mema isthanayaa thiyenne							",no
"Koheda me pansalaa.thiyenna.							",no
"Woww kiyanna wachana na godak lassani ewagema godak asai me vedio ekta....????????																				",no
"Woww eka nm maru ????????????																				",no
"Vadetama hariyana sinduva ??????????maru																				",no
"Tik tok eken hoyn awe??																				",no
"Sureni wge??																				",no
"Supiriyata natanva Ayya..??																				",no
"super . puluwannam me song eka mokadda kiyannako																				",no
"Song  yes patta???																				",no
"Sinduva mkkd..??																				",no
"Sajith aiyai asanka aiyai dennama cute asanka aiyage dance superb ????																				",no
"Pre shoot cgarges kohomda.oalage pakage monvda tienne																				",no
"Pissu haduna. Mage wedding ekath aniwaren denawa																				",no
"Paharak....????????																				",no
"Oyalage weda supiri .																				",no
"Oyage vedios balapu gana mathaka nhara  mal mal  sariya  song cover eka yesnota wada baluwa aiya																				",no
"original song ekA mokakda kiyanna plz																				",no
"niyami aiye.proud to be KULIYAPITIYA.??????																				",no
"Mokkd ane mee																				",no
"Mn baluwa yesno parak vithara shook anee dance ekath. Hamoma lassanaii																				",no
"meka den 8no parak withara beluwaaaa																				",no
"meka balapu wara gana mathaka na																				",no
"Meka balala ape unge wadema gihin ara sinduwa ahana eka ????																				",no
"Meeke original song eka ewannko??																				",no
"mee song eke name eka mokkd																				",no
"Ane oyalage contact number akak denna berida .																				",no
"Ane meke full song eka ganne kohomada kochchara belewath epa wenne																				",no
"Ane me song eka mokkd kiyl dnna kenek kiynnko ??????																				",no
"Ane marama lassnaii aiyaaa?																				",no
"Ane epa wenne ne ane																				",no
"Ane eka shooy??																				",no
"Ana  lassani																				",no
"ammoooh athal appaaa.........................																				",no
"Ammooo yes.37 shoooi aneeh??????....yesno parakt wada beluwoooo																				",no
"Aiyo me asanka aiya karala thiyena hariyak??																				",no
"Aiyo Asanka aiya																				",no
"Aiye oya vedio eka record karapu cam eka mokakda?																				",no
"Aiye me couple eke video eka dannako																				",no
"ai me vdo ekata indian kasikabalnsinduwak dla?																				",no
"adoo patta asanga aiya																				",no
"Yako.ape ruchinita giyakalak							",no
"Wow mara fannyy ane							",no
Wow galapena couple yes ,no
"Vedio grpher ape saranath eke aiya knk.. good lock aiye							",no
"Sinheleyate harime lassenailu sinhele adum adela hindi sindu mun sinheleyo de sakai lajai							",yes
"Raman balla wage oya							",no
"oyala kattiyama shok ane							",no
"Niyamai. crew eka.mage yaluwage ekat meyala supiriyatama karala tibba.							",no
"Niyamai thawath videos dhanna							",no
Naween ayyath innwa ,no
Mona nathath crew eknm maru ,no
"mn dekka youtube eke lassanama vedio eka							",no
"milaata  nm pissu hi.. video eka niyamai							",no
"Me Inna ewunwa mgr wedding ekatath ewanawada???							",no
"Maru kattiya							",no
"Mara lasani a							",no
"Mama dekapu lassanama vidiyoyes k. Hemadema lassani							",no
"Loketa penuwata kamak ne..hodin enna..ohoma penwana aya ekamanin devorse wenawa..ahema wenna epa.							",no
"Lassanaiiiiiii godaaaaakkkkkk....????							",no
"Lassanai ane godak							",no
"Lassanai akki aiya							",no
"Lassanai aiya							",no
Lassana kello tika priti ?ù,no
"Lankawe sindu na neda ? shit							",no
"kohomada meyalawa contact karaganne							",no
"Kohenda bn me ape ruchinith ringan inne							",no
"kochchara beluwath epa wenna me vedio eka							",no
Kiparaknam beluwada deiyane mekaaaaa?,no
"Kattiyama??perfect ??							",no
"Kasada badina ekath dan nikamma nikan foto shoot ekak witharakma wela..							",no
"Indiyan minissu kawadawath ape sindu kiyanne na oua wage awasthawakadi ai ubalata sinhala karamayakata sinhala song dagena vinodawenna nari.. Moadai ubala							",yes
"Hotel eka mokadda kiyanna puluwanda please....							",no
"godak lassanai eaa wagema gelapenawa aththatama mama nodena thamai like demme mata hadawathata godak denuna oya dennawa suba anagathayak							",no
"Dewaka neda me							",no
"Crew ekath lassanai. Me dennath lassanai. Wish ur all the best..							",no
"Yakoo welawa yanawa danunewath naa ????????????????????love you akka and aiyahhhhhh ??????????????																																																	",no
"wow lassnai drama eke wgema programme ekat lassna kala...																																																	",no
"Wennappuweda ????																																																	",no
"Wennappuwe kollek ????????																																																	",no
"Waliyak yai wage																																																	",no
"Theruwan saranai dennatama..																																																	",no
"Siriraja siri thma asawen bln ay thwa innwda...																																																	",no
"siri raja siri aurudu siri wei																																																	",no
"Shok denna																																																	",no
"Shok ane ??																																																	",no
"sha api denna wage tmi oya 2nth  jaya wewa																																																	",no
"Sathutin inna Aiya Akka lassanai oyala budu saranai																																																	",no
"Sajitha aiyai buvi akkiwai gennannako																																																	",no
"Putha man harima adarei oyata. School yana dawas wala man durin idan balan idala thiyenawa oya diha duwatath puthatath budusaranai																																																	",no
"Piti amuwen aggala hadannepa badinnooni.. haiyuuu... bade amaruwath hadei																																																	",no
"Piti  made  ewagama  piti  bedaganna  one																																																	",no
"Oyage nona napuruda																																																	",no
"Oya denna shoi ....... mn asama katahada ayyage ???																																																	",no
yyyyyyyyyy,yes
"Ohh shitt....manamaalan??																																																	",yes
"oba depalata sathuten inna labewa harima adarei																																																	",no
"Niyamai...																																																	",no
"Niyamai  Dennama good luck																																																	",no
"Nikanma haalpiti danwata wda tkak badala damma nm rasa wadi weii malan aiya.....?? dennama gdk sthutin inna...????																																																	",no
"Nihathamani   kollek...																																																	",no
"meyala dennage twa programme ekak karanna please....																																																	",no
"Mekata dimanka ayyawat genawanm maru																																																	",no
"Mechchara lassana kollek ai me wge kenekw  bende																																																	",no
"Me dennage love story aka ona																																																	",no
"Math dahanu??																																																	",no
"Maru joduwa  niyameta match wenawa																																																	",no
"Maru dabalaaaa																																																	",no
"Manamalantama galapena manamalani??																																																	",no
"manamalanta peni unu karanna kiyaddi ammooo peni berena peni munak. lassanay adarey dennatama.																																																	",no
Ape doctata yaya wewa,no
Wesa thambi haththa maranna oni wwsa ballo,yes
janadi pathihe pakada tiyenne,yes
yako munge sadde ape maha awunta mewa penne ndda,yes
Thopita puka dena anduwakne meka ekene apita mehema une  ..,yes
Hamba pako thoge paka kapa ganna epa keriya,yes
Niyami doctor,no
kari thambi,yes
Excellent,no
Thambi ithin ammata hukoganna hadanne,yes
kari thmmbi ,yes
Pala keri thambiya thope genunge huththa  raththaranda pako,yes
Lady doctor lagata yaddith muna wahan yanna oneda heee heee,no
Hambayanta kade yana wesige puthala tho dannawa 5no8 repot karama thoge channel eka iwaraikiyala ...,yes
"Ponna thambi palayau maka bewila thopi, chandi pat ape sinhala minissunta danna apa kalakanni heththa",yes
Niyamai,no
Api jathiwadaya ausan na pako api paduwe htiyat ubal thmai apiw nathi krn hadan ekat kriyamarga gn ek jathiwadaya newe,yes
Janadipathi kauda ban...,no
kari thambinge ammata hukanna one ammage huthtata uru mas dala,yes
Api  dan  ape  rate  enna  one  mun  kiyana  padeta  nata  natada. sakkili  marila  palayau,yes
"ponna jandipathigy no thinawalu, ubama thiyagan ay ponnayagy no, apita wadak na",yes
Sicurty nadda yako. Ponna pakayo serma wes ballo,yes
thopita abaya galawala enna qwe heluwa balanna nemei Thope weda hindai ratata ada marana baye jewath wenna une.heththa.thawa enawa arinna.,yes
Ponna kapti wesigy puthala,yes
Ponna thambiya,yes
Okunuth ,yes
Hutta sinhala pakayo bahat ganna awith hitiya nadda...,yes
tope auda gabada nitiya nemei rate niteyata garu karapiyaw kari hambayo. ahema nettam topita ona vidihata inna wena ona tenakata palayaw .,yes
keari thambiyao ammata dannetha neda amma baba para thambiya,yes
Kari thambiya ththota ganita aragana karanda hodai kimba pannai kiyalada kariyo vahanna oya gada gana hithanaval valata apa sinhalayoo danna pako nithiyata vada karanpan ballo pannyoo,yes
Oluwe thiyana goniya galawapiyako wesa balla. ,yes
Tambi   hethth   thawa  respat  kathakarannath   enawa  ounta   beheth  newey   denna   ona   wwsa ballo,yes
gahala alawapiyau okun denna,yes
umbalat hena ghnwa wesige puththu ,yes
Poleiseya ko,yes
Thambiyata giya rata.,no
Great behaviour.respect you doctor,no
Dunnanam ata digaharala kana rat wenna oya ponnayata,yes
Respect you doctor,no
Wesige puthalage sadde,yes
Munge ammalata hukavanna pakkuuuu. Me kariyo maranna tiyenne,yes
Kari thambiyo..jayawewa mis,yes
Gon tambi obata sathutuida Dan,yes
Ponna thabiyo kiyna like kramu,yes
nithiyata garu karanna abaya ne kiyala pana yanne ladeta baheth aran yanawanam kisi deyak  nane ekinekata garu kara ganna eka api katath hodai,no
Ponna thambiya,yes
Balli toga saya Gala wanna topa Tata akka to nida gatta ta Muslim ganu hoda ganu sinhala wasila,yes
"Honda wade ape sinhala ewnta, hamadaama kare eka eka dewalwalata rawatilaa, sinhala jaathiye anaagathaya vinaasa karapu eka. ",no
Para hambayo thopita hena ghann one ballo,yes
Munge saddeblpnko huththa,yes
Me tambiyata kana palenn denna kawruth nadda huththo,yes
Abayai burkawai dekak?.... apith sinhala .....eth therun ganna..... ..burkawa witharai  galawanna onee..,no
Janadipathi balla,yes
